id,answer
0,code
1,whistles
2,policing-intelligence
3,-hæmptən/
4,february
5,group
6,february
7,unicode
8,bell
9,simon
10,tract
11,fire
12,european
13,paul
14,thayer
15,november
16,1976
17,index
18,argument
19,index
20,pain
21,2013
22,1936
23,recording
24,alley
25,pain
26,8% to 16%
27,1925
28,suspended
29,106
30,code
31,+5.0
32,peter
33,records
34,its usage share
35,structure
36,1994
37,steel
38,groove
39,fees
40,energised
41,nerve
42,a-delta
43,pratyakṣa
44,2007
45,index
46,digit
47,lighting
48,light
49,goalkeeper
50,discriminating
51,group
52,action
53,steel
54,october
55,alexander
56,award
57,british
58,opus
59,pope
60,2013
61,paul
62,bus
63,freight-only
64,federal
65,tom
66,october
67,cancan
68,university
69,johnson
70,association
71,tha̍k-im
72,pregnancies
73,tha̍k-im
74,russell
75,secretary
76,hungary
77,parliamentary
78,julius
79,january
80,tmolus
81,first
82,october
83,hamidian
84,palace
85,oerlikon
86,information
87,october
88,accords
89,times
90,daviau
91,mark
92,used
93,wen
94,ancon
95,oerlikon
96,imre
97,thousands
98,whistleblowers
99,syrtos
100,augury
101,versailles
102,willi
103,7th
104,zhu
105,september
106,association
107,secretary
108,president
109,"7,000"
110,boulevard
111,executive
112,nine
113,thayer
114,tha̍k-im
115,religious
116,buenos aires
117,online
118,wernher
119,golden
120,west
121,sic
122,oerlikon
123,committee
124,college
125,0–2
126,general
127,maximus
128,pope
129,the chinese government
130,maximus
131,new
132,impurities
133,nyctv
134,uninterrupted
135,1938
136,vladimir
137,interned
138,invaders
139,feet
140,tsn
141,august
142,charles
143,1914
144,^Note
145,million
146,six
147,seven
148,president
149,october
150,workshops
151,150
152,oerlikon
153,mid-1954
154,byword
155,fort
156,cold
157,bristles
158,raf
159,500
160,the 1964 tokyo edition
161,edward
162,may
163,-plus
164,quay
165,tha̍k-im
166,1828
167,workstation
168,media
169,law
170,wes
171,kemal
172,1763
173,hiking
174,bladderball
175,herodotus
176,1969
177,november
178,square
179,french
180,grand
181,three
182,tha̍k-im
183,may
184,thayer
185,october
186,presidency
187,recordings—militates
188,square
189,boulevard
190,universities
191,william
192,six
193,120 torchbearers
194,minutes
195,tmolus
196,imre
197,jim
198,tha̍k-im
199,street
200,november
201,policy—thus
202,ocean
203,rebels
204,pope
205,ninety-five
206,paris
207,robert
208,war
209,battle
210,boulevard
211,executive
212,imre
213,pope
214,october
215,celluloid
216,governing
217,battle
218,based
219,may 1
220,monarchy
221,battle
222,monarchy
223,30
224,28
225,yale
226,buyers
227,wars
228,reporters without borders
229,seminary
230,action
231,bristles
232,1895
233,mestizo
234,three
235,pope
236,15
237,six
238,albert
239,route
240,a-ma temple
241,octaves
242,tom
243,music
244,victor
245,hill
246,robberies
247,october
248,cathartic
249,support
250,09:02
251,"60,000"
252,goalkeeper
253,million
254,two
255,1857
256,xbox
257,team
258,nine
259,alan
260,the paris leg
261,cayetano
262,1857
263,two
264,duke
265,october
266,rockets
267,first
268,bus
269,battle
270,ireland
271,region
272,1948
273,dye
274,jiayou
275,section
276,battle
277,sect
278,west
279,schmidt
280,john
281,half
282,maximus
283,october
284,wilhelm
285,governement
286,kennedy
287,rocket
288,ii
289,-plus
290,2003
291,leopard
292,bay
293,warrior
294,tha̍k-im
295,battle
296,tha̍k-im
297,october
298,paris
299,34
300,theistic
301,tom
302,pope
303,milling
304,revolution
305,imre
306,tha̍k-im
307,january
308,ancon
309,french
310,minutes
311,patrick
312,bombers
313,traveling
314,bus
315,cambridge
316,1200 police officers
317,oerlikon
318,pope
319,american
320,7th
321,timer
322,november
323,john
324,2010
325,maximum
326,four
327,johnson
328,90
329,white
330,baghdad
331,war
332,sun
333,government
334,wants
335,1830
336,government
337,1989
338,october
339,nevis
340,imre
341,six
342,four
343,patrick
344,england
345,john
346,government
347,human rights
348,giacomo
349,february
350,earthquake
351,20
352,bourdin
353,2010s
354,whistles
355,size
356,whistles
357,fish
358,343
359,opus
360,opus
361,coda
362,mesencephalon
363,identity
364,genome
365,fonts
366,whistles
367,oncoming
368,50
369,identities
370,physician
371,downstream
372,center
373,550
374,willi
375,3–2
376,4.9
377,sound
378,center
379,1
380,the crimean war
381,anatolia
382,square
383,the river test
384,black
385,perceives
386,three years
387,four
388,state
389,ovens
390,-plus
391,2004
392,perceives
393,three
394,black
395,national
396,group
397,elizabeth ii
398,2007
399,1971
400,the 2015 council elections
401,mayflower park
402,best
403,canute's palace
404,missile
405,three
406,queen
407,engineers
408,1989
409,normative
410,empire
411,england
412,million
413,four
414,90
415,tha̍k-im
416,2004
417,china
418,oerlikon
419,million
420,1938
421,1857
422,score
423,new
424,yalamber
425,1857
426,alley
427,2004
428,million
429,1999
430,avenue
431,wondrous
432,river
433,tha̍k-im
434,july
435,yat-sen
436,the 12th century
437,center
438,quinnipiac
439,river
440,mi
441,21–28
442,southampton airport (parkway) railway station
443,havel
444,genome
445,paubhas
446,general
447,southern england
448,14
449,wood
450,armenia
451,atlantic
452,1952
453,route
454,thin
455,sec
456,television
457,sea bathing
458,game
459,third
460,johannsen
461,new
462,million
463,park
464,street
465,life
466,2004
467,international
468,rockets
469,gothic
470,1970
471,store
472,center
473,billion
474,1972
475,"10,000"
476,million
477,the south coast
478,vii
479,pacific
480,story
481,1927
482,the 12th century
483,1990s
484,general
485,janet
486,the 1940s
487,east
488,center
489,buildings
490,nine
491,new
492,yale
493,1938
494,2004
495,art
496,"4,000"
497,bus
498,empire
499,willi
500,billing
501,avenue
502,percent
503,station
504,"portswood, banister park"
505,8.86
506,chen
507,africa
508,glass
509,johannsen
510,8.86
511,the city's primary producing theatre
512,50
513,center
514,southampton city council
515,the sea
516,2004
517,sound
518,new
519,pro-democracy
520,green
521,maximus
522,mexico
523,china
524,1938
525,tha̍k-im
526,around
527,art
528,2004
529,may
530,eastern
531,four
532,manhattan
533,government
534,point
535,the city
536,paris
537,rocket
538,east
539,44°
540,46–53
541,southampton city council
542,bay
543,casinos
544,kirtipur
545,2011
546,third
547,more than 3 million people
548,hartford
549,1890
550,fainter
551,1955
552,nine
553,1955
554,unintended
555,avenging
556,foundation
557,wants—and
558,million
559,nohant
560,guns
561,organ
562,oerlikon
563,15
564,million
565,15
566,four
567,million
568,avenue
569,universitaire
570,"8,491,079"
571,ocean
572,earthquake
573,nevis
574,village
575,-hæmptən/
576,southampton city council
577,slim
578,kirats
579,welsh national opera
580,opus
581,million
582,island
583,million
584,university
585,km
586,university
587,1938
588,wants—and
589,roman
590,ovens
591,university college
592,328
593,east
594,britain
595,three years
596,four
597,television
598,southwest
599,bofors
600,1960s
601,new
602,billion
603,four
604,more than 3 million people
605,french
606,center
607,newport
608,over 1.5 million
609,four
610,the southampton city art gallery
611,hiking
612,john melody
613,dusting
614,perceives
615,hall
616,million
617,iii
618,yongle
619,1956
620,two
621,century
622,new
623,august
624,sea
625,c.
626,heritage
627,1969
628,east
629,quinnipiac
630,approximately 1
631,central
632,east
633,lethargy
634,century
635,tuareg
636,an oceanic climate
637,islands
638,educational
639,1871
640,1976
641,juncture
642,1976
643,tha̍k-im
644,arab
645,the river test
646,streams
647,britannica
648,bay
649,plaited
650,arts
651,59
652,countless
653,missile
654,1900
655,64–75
656,tha̍k-im
657,july 2009
658,heavier
659,wood
660,2004
661,september
662,city
663,"1,700"
664,expressionism
665,point
666,24
667,-hæmptən/
668,dr. alan whitehead
669,jim
670,educational
671,center
672,southern
673,television
674,million
675,kennedy
676,queens
677,million
678,the manic street preachers
679,india
680,port
681,southern
682,french
683,finance
684,milling
685,eastern
686,pteridophytes
687,oklahoma
688,house
689,1976
690,park
691,thaws
692,new
693,center
694,mercury
695,1972
696,million
697,expressionism
698,south west trains
699,october 2009
700,2004
701,poincaré
702,frogs
703,river
704,20
705,norms
706,art
707,bc
708,new
709,bus
710,park
711,security-intelligence
712,central
713,2004
714,three
715,4.9
716,4.9
717,brings
718,wider
719,wernher
720,locus
721,lesions
722,landslides
723,russel
724,2006
725,the 1990s
726,rural
727,tourist
728,west
729,rayleigh
730,589
731,abound
732,46–53
733,1000
734,hippies
735,1849
736,four
737,familly-festival
738,contiguous
739,tha̍k-im
740,george
741,china
742,twenty-five
743,anatolia
744,magnoliidae
745,739
746,parts
747,bhāṣā
748,religious
749,otto
750,402
751,plan
752,minoan
753,ottoman
754,2004
755,15th century
756,quanzhou
757,589
758,liturgical ashkenazi hebrew
759,rule
760,half
761,bronze
762,july
763,middle eastern peoples
764,order
765,no evidence
766,"2,500 years ago"
767,asian
768,citizenship
769,dearth
770,britannica
771,hiv
772,1950s
773,midcentury
774,tha̍k-im
775,century
776,2004
777,southern
778,major
779,earlier
780,active
781,million
782,400
783,bronx
784,ancon
785,41–43
786,per
787,mappings
788,million
789,abound
790,wants
791,chen
792,oerlikon
793,8.86
794,continental
795,century
796,alexander
797,nepal
798,heretical
799,de
800,the 8th and 9th century
801,thayer
802,century
803,approximately 16.7 million
804,40
805,battle
806,palace
807,midcentury
808,hiking
809,thayer
810,perceives
811,4.9
812,westerly
813,quantum
814,turkey
815,1821
816,century
817,rolls
818,french
819,johnson
820,east
821,arabic
822,40
823,-plus
824,groomers
825,professor
826,tha̍k-im
827,about 3.6 billion years
828,television
829,laser
830,inland
831,apartments
832,tunnel
833,skies
834,tha̍k-im
835,mexico
836,paul
837,90
838,oedipus
839,-hæmptən/
840,1.1 times as much energy
841,professor
842,sci-fi
843,john
844,2013
845,april
846,eidos
847,mundolsheim
848,silicon
849,three
850,apollo
851,tha̍k-im
852,yew
853,stolen
854,golden
855,a-delta
856,best
857,paper
858,televised
859,february 1844
860,south
861,eolomelodicon
862,212
863,lorraine
864,urbain le verrier
865,february
866,joseph
867,john
868,2009
869,cork
870,6
871,a-delta
872,daring
873,lower
874,differences
875,julian
876,the fourth-largest planet
877,northwestern
878,ancients
879,opus
880,norman
881,opus
882,2013
883,britain
884,march
885,samkhya
886,tha̍k-im
887,2010
888,30
889,rings
890,2015
891,two
892,romanticism
893,norms
894,coast
895,apartments
896,mark
897,blogs
898,time
899,1985
900,queen
901,february
902,1977
903,defence
904,early
905,million
906,the fourth-largest planet
907,primus
908,1846
909,emergencies
910,1943
911,leeches
912,15.1
913,1909
914,association
915,three
916,trading-station
917,chinese
918,duplication
919,documents
920,henry
921,greek
922,oerlikon
923,oracular-cult
924,tha̍k-im
925,four
926,economic
927,workstation
928,western
929,spaniel
930,tha̍k-im
931,nato
932,johannsen
933,tha̍k-im
934,sixteenth
935,würfel
936,innovations theory
937,lamarckism
938,century
939,cardinal
940,sunni
941,halifax
942,queen
943,1856
944,tha̍k-im
945,1
946,dn
947,wants—and
948,march
949,several
950,protestant
951,anti-radiation
952,circuits
953,duke
954,january
955,john
956,seven
957,quay
958,nicolas
959,tha̍k-im
960,1927
961,discrimination
962,macmahon
963,technique
964,leadenhall
965,the state
966,1917
967,monarchy
968,january
969,maoist
970,government aid
971,edward
972,edition
973,edward
974,tha̍k-im
975,tha̍k-im
976,political
977,oedipus
978,lee
979,tha̍k-im
980,1870
981,tha̍k-im
982,intellectual
983,period
984,elders
985,-plus
986,tha̍k-im
987,findings
988,june 2004
989,africa
990,british
991,years
992,thomas
993,1831
994,intellect
995,foreign
996,john f. kennedy
997,battle
998,naked
999,coins
1000,1989
1001,oerlikon
1002,oerlikon
1003,governing
1004,greek
1005,wicked
1006,six
1007,june
1008,1979
1009,world
1010,pope
1011,tha̍k-im
1012,2003
1013,henry
1014,construction
1015,a three judge panel
1016,willful
1017,thayer
1018,g-4
1019,tzu
1020,league
1021,nanjing
1022,interstate
1023,14th
1024,century
1025,hiking
1026,17th-century drawings
1027,apogee
1028,empire
1029,italy
1030,1903
1031,bce
1032,chimpanzee
1033,tha̍k-im
1034,turbulent
1035,oerlikon
1036,1855
1037,passions
1038,french
1039,soft lime
1040,hartford
1041,britain
1042,cardboard
1043,first
1044,britain
1045,25
1046,komarov
1047,thayer
1048,fickle
1049,bc
1050,1988
1051,country
1052,french
1053,william
1054,east
1055,the middle of the 5th century
1056,centuries-old
1057,byzantine
1058,425
1059,their 12th-century reconstruction
1060,nevis
1061,the second half of the 6th century
1062,cardinal
1063,william
1064,tha̍k-im
1065,sun
1066,oerlikon
1067,android
1068,daedalus
1069,empire
1070,horn
1071,the 5th-century ravenna
1072,century
1073,2006
1074,thaws
1075,europe
1076,between the 10th and 11th century
1077,league
1078,impurity
1079,the byzantine empire
1080,chinese
1081,1849
1082,centuries-old
1083,recording
1084,century
1085,impurity
1086,azulejo
1087,joseph
1088,century
1089,january
1090,medical
1091,ewing
1092,air
1093,boulevard
1094,theory
1095,houses
1096,new
1097,schoolrooms
1098,hindu
1099,bristles
1100,constantinople
1101,hartford
1102,abstract
1103,empire
1104,whipped
1105,apollo
1106,"2,500"
1107,bizet
1108,the rest areas
1109,the end of the 4th century
1110,the 18th century
1111,the 12th century
1112,the second half of the 6th century
1113,college
1114,apollo
1115,large
1116,president
1117,late
1118,greek
1119,french
1120,independence
1121,nanjing
1122,northwestern
1123,1900
1124,the first decades of the 11th century
1125,city
1126,oerlikon
1127,the 8th century
1128,spades
1129,tzu
1130,10
1131,hartford
1132,radiance
1133,courts
1134,professor
1135,france
1136,jews
1137,1849
1138,the only surviving 12th-century mosaic work
1139,century
1140,league
1141,77
1142,league
1143,analysis
1144,two six pointed stars
1145,century
1146,indigenous
1147,government
1148,tha̍k-im
1149,nocturne
1150,17th-century drawings
1151,government
1152,tha̍k-im
1153,northwestern
1154,constantinople
1155,medieval
1156,years
1157,'robbing
1158,paul
1159,ad
1160,bronze
1161,theory
1162,the 9th century
1163,poetry
1164,century
1165,terrestrial beasts
1166,point
1167,sub-regions
1168,british
1169,people
1170,1943
1171,700 years
1172,hill
1173,3rd
1174,1938
1175,nanjing
1176,buildings
1177,persia
1178,favre
1179,transportation
1180,thayer
1181,french
1182,1988
1183,battista
1184,northern
1185,new
1186,war
1187,spanish
1188,european
1189,ancon
1190,grand
1191,aforementioned
1192,german
1193,river
1194,16–17
1195,battle
1196,lavishly
1197,grease
1198,its territories
1199,could
1200,theological
1201,king
1202,time
1203,january
1204,index
1205,abundant
1206,century
1207,1999
1208,new
1209,ago
1210,christianity
1211,tha̍k-im
1212,arabic
1213,department
1214,1928
1215,black
1216,apollo
1217,1845
1218,tha̍k-im
1219,ground
1220,western
1221,paul
1222,overturns
1223,2010
1224,three
1225,many
1226,eukaryotes
1227,apollo
1228,1995
1229,robert
1230,chen
1231,leto
1232,oedipus
1233,thaw
1234,schmidt
1235,poor
1236,viśiṣṭādvaita
1237,diffuse-porous
1238,2016
1239,protestant
1240,june
1241,whistles
1242,1
1243,water
1244,four
1245,golden
1246,eight
1247,evolution
1248,mechanic
1249,1845
1250,marx
1251,lawsuits
1252,intensity
1253,dimensions
1254,ancon
1255,miller
1256,french
1257,television
1258,pope
1259,syrian
1260,indonesia
1261,1989
1262,1949
1263,early
1264,itinerant
1265,2013
1266,1928
1267,ground
1268,1845
1269,49.9
1270,oncoming
1271,library
1272,law
1273,britain
1274,resist
1275,seven
1276,mechanical
1277,middle
1278,apollo
1279,duke
1280,oerlikon
1281,apollo
1282,defence
1283,two
1284,social
1285,action
1286,duke
1287,johnson
1288,the ingur river
1289,1904
1290,air
1291,order
1292,great
1293,battista
1294,1839
1295,ii
1296,police
1297,executive
1298,aircraft
1299,2004
1300,ii
1301,molotov
1302,french
1303,the defenders
1304,1918
1305,queen
1306,astronomy
1307,wants—and
1308,foundation
1309,-plus
1310,january
1311,french
1312,chassepot
1313,"400,000"
1314,battista
1315,navy
1316,administration
1317,discrimination
1318,1900
1319,2004
1320,edward
1321,the treaty of vienna in 1815
1322,lord aberdeen
1323,sea
1324,anatolia
1325,napoleon iii
1326,1566
1327,yuan
1328,may
1329,tha̍k-im
1330,french
1331,order
1332,prince
1333,thayer
1334,radicals
1335,torquemada
1336,battle
1337,1566
1338,britain
1339,aircraft
1340,tha̍k-im
1341,ii
1342,the french
1343,1901
1344,lord
1345,armstrong
1346,ningbo
1347,french
1348,dornberger
1349,frederick
1350,steinmetz
1351,the charge of the light brigade
1352,independence
1353,3rd
1354,viii
1355,presidency
1356,the charge of the light brigade
1357,tha̍k-im
1358,officials
1359,tom
1360,1870
1361,tha̍k-im
1362,military
1363,1955
1364,government
1365,revolutionary
1366,nmi
1367,tories
1368,james
1369,pratihara
1370,day
1371,1901
1372,albert
1373,jim
1374,alexander
1375,1970
1376,iso-8859-1
1377,israelites
1378,president
1379,2004
1380,petals
1381,december
1382,1871
1383,battle
1384,john
1385,popculture
1386,empire
1387,1935
1388,muslim
1389,buildings
1390,spada
1391,plaited
1392,officials
1393,george
1394,feet
1395,marshal
1396,1955
1397,china
1398,order
1399,tha̍k-im
1400,1664
1401,tore
1402,1978
1403,war
1404,grzymała
1405,the russian cavalry
1406,electric
1407,general
1408,new
1409,support
1410,asylum
1411,hartford
1412,government
1413,french
1414,battle
1415,edward
1416,tha̍k-im
1417,the ottoman empire
1418,1827
1419,empire
1420,uninterrupted
1421,ibn
1422,aircraft
1423,caucasus
1424,mountain
1425,association
1426,little additional naval action
1427,congregations
1428,beijing
1429,marvellous
1430,island
1431,three
1432,rockets
1433,government
1434,november
1435,ii
1436,karim
1437,war
1438,region
1439,epimenides
1440,hirudinomorphs
1441,1938
1442,act
1443,the war
1444,minutes
1445,europe
1446,the war
1447,"400,000"
1448,may
1449,1955
1450,1955
1451,1870
1452,parliament
1453,wars
1454,palace
1455,tv
1456,1917
1457,secretary
1458,wants—and
1459,five
1460,1918
1461,benjamin
1462,baghdad
1463,buildings
1464,wes
1465,no outside military or financial support
1466,six
1467,french
1468,many
1469,january
1470,wants—and
1471,1707
1472,6
1473,1954
1474,5-4
1475,1664
1476,1927
1477,ii
1478,ningbo
1479,duke
1480,international
1481,1707
1482,secretary
1483,about 30000 turks
1484,chemotherapy
1485,tha̍k-im
1486,interstate
1487,malla
1488,british
1489,iv
1490,era
1491,soviet
1492,1918
1493,the battle of sinop
1494,salisbury
1495,emphasizing
1496,1911
1497,may
1498,girdle
1499,yearly
1500,1914
1501,karim
1502,2015
1503,olympic
1504,defence
1505,eight years old
1506,1985
1507,government
1508,russell
1509,tha̍k-im
1510,twists
1511,duke
1512,january
1513,ali
1514,buildings
1515,london
1516,duke
1517,active
1518,olympic
1519,poland
1520,french
1521,national
1522,king
1523,two
1524,"£2,000"
1525,king
1526,easily
1527,arrest
1528,sun
1529,feet
1530,2004
1531,1955
1532,constitutional
1533,pope
1534,queen
1535,feet
1536,lord
1537,richard
1538,association
1539,oklahoma
1540,ii
1541,ibn
1542,1927
1543,1837
1544,guns
1545,28
1546,french
1547,cardinal
1548,"100,000"
1549,engineer
1550,interstate
1551,french
1552,million
1553,huge fortunes
1554,2006
1555,macmahon
1556,otto
1557,willi
1558,many
1559,jerusalem
1560,january
1561,yongle
1562,the household
1563,william
1564,the battle of bang bo
1565,duke
1566,1853–1856
1567,southeastern
1568,1870
1569,armstrong
1570,lathe-cutting
1571,steinmetz
1572,asclepius
1573,tories
1574,west
1575,many
1576,edward
1577,theft
1578,florence
1579,civil
1580,470
1581,battle
1582,could
1583,greek
1584,1717
1585,edward
1586,1918
1587,the qing government
1588,rolls
1589,federal
1590,bronx
1591,duities
1592,marshal
1593,1624
1594,lakulish
1595,french
1596,the four branches
1597,tha̍k-im
1598,part
1599,days
1600,tha̍k-im
1601,tha̍k-im
1602,class
1603,these years
1604,arrest
1605,71
1606,1673
1607,france
1608,dubos
1609,hindus
1610,settling
1611,minorities
1612,crown
1613,duke
1614,nanjing
1615,duke
1616,battle
1617,3
1618,1927
1619,french
1620,marshal
1621,"1,200"
1622,flares
1623,1955
1624,series
1625,"10,000"
1626,everett
1627,teutonic
1628,1845
1629,1895
1630,edward
1631,edward
1632,1985
1633,14
1634,louis
1635,russell
1636,queen
1637,the russian empire
1638,favre
1639,native
1640,1817
1641,"1,200"
1642,1877
1643,36th
1644,association
1645,1955
1646,duke
1647,muslims
1648,1940
1649,"£1,000"
1650,french
1651,queen
1652,28
1653,1955
1654,the border
1655,36th
1656,george
1657,1920
1658,region
1659,battle
1660,7b
1661,astronomy
1662,fried
1663,pope
1664,independent
1665,plan
1666,"568,903"
1667,setup
1668,crimean
1669,1864
1670,leto
1671,1000
1672,1977
1673,governing
1674,arrest
1675,christian
1676,aircraft
1677,june
1678,3rd
1679,sun
1680,years
1681,1853
1682,przebiegi
1683,1914
1684,1840
1685,the mid 18th century
1686,constantinople
1687,ecclesiastical
1688,defeat
1689,ioannis
1690,june
1691,the russian empire
1692,richard
1693,1855
1694,1614
1695,haussmann
1696,tha̍k-im
1697,duke
1698,duke
1699,independent
1700,manhunt
1701,century
1702,johnson
1703,psychologists
1704,c.
1705,duke
1706,west
1707,81
1708,3
1709,buildings
1710,india
1711,africa
1712,"200,000"
1713,greek
1714,1850–1861
1715,alexander
1716,western trade
1717,whig
1718,2006
1719,predicting
1720,1918
1721,may
1722,century
1723,lyndon
1724,albert
1725,1976
1726,madhavacharya
1727,three
1728,69
1729,imre
1730,doctoral
1731,island-wide
1732,"2,300"
1733,teochew
1734,2003
1735,electrical
1736,the year
1737,law
1738,companies
1739,new
1740,dimensional
1741,june
1742,18th
1743,air
1744,20
1745,bodily
1746,differences
1747,24–21
1748,the years
1749,tha̍k-im
1750,green
1751,14th
1752,syllabic
1753,daylight saving time
1754,fever
1755,groove
1756,mid-1970s
1757,8.86
1758,citroen
1759,deter
1760,late
1761,vedas
1762,madonna
1763,pramāṇas
1764,1938
1765,2012–2013
1766,civil
1767,years
1768,nmi
1769,nociceptors
1770,germany
1771,february
1772,germany
1773,oerlikon
1774,western
1775,classic
1776,close
1777,"2,300"
1778,party
1779,1
1780,edward vii
1781,2016
1782,1994
1783,taxing shutters
1784,sea
1785,thayer
1786,standard time
1787,(90°
1788,tnt
1789,year
1790,20
1791,florence
1792,eastern european time
1793,1977
1794,football
1795,herbicides
1796,three
1797,oerlikon
1798,times
1799,imre
1800,thayer
1801,1969
1802,1976
1803,secretary
1804,2003
1805,eastern european time
1806,june
1807,hot
1808,the year
1809,2011–2013
1810,standalone
1811,"3,000-mile"
1812,westerly
1813,9/11
1814,claude
1815,2006–2010
1816,apollo
1817,susa
1818,itinerant
1819,islam
1820,theory
1821,artificial light
1822,antibiosis
1823,days
1824,sectarianism
1825,association
1826,starving
1827,million
1828,theft
1829,14
1830,years
1831,at least two fixes
1832,wants—and
1833,germany
1834,fuel
1835,culture
1836,greek
1837,"1,589"
1838,bcd
1839,wes
1840,days
1841,east
1842,cancer
1843,15
1844,energy conservation
1845,daylight saving time
1846,1984
1847,lower
1848,pramāṇas
1849,germans
1850,years
1851,theory
1852,three
1853,iii
1854,1
1855,high
1856,moderate
1857,64
1858,flowering
1859,construction
1860,measures
1861,late
1862,his time
1863,furniture
1864,franklin
1865,early
1866,1975
1867,structurally
1868,control
1869,1970
1870,transfer
1871,1895
1872,1938
1873,canada
1874,elders
1875,1987–2006
1876,rocket
1877,britains
1878,ancon
1879,area
1880,april
1881,fees
1882,2010
1883,june
1884,tha̍k-im
1885,leto
1886,may
1887,john
1888,1968
1889,action
1890,kennedy
1891,index
1892,28
1893,primus
1894,prince
1895,england's bush
1896,march
1897,orestes
1898,two
1899,museus
1900,golden
1901,greek
1902,jim
1903,commercial music
1904,pramanas
1905,duke
1906,stomach
1907,simon
1908,johannsen
1909,1857
1910,newfoundland
1911,tobacco
1912,mice
1913,tha̍k-im
1914,tha̍k-im
1915,hierarchy
1916,cardinal
1917,march
1918,concerns
1919,odorous
1920,copper
1921,citizenship—or
1922,friendship
1923,love
1924,dimensional
1925,benjamin
1926,-plus
1927,significant
1928,london
1929,1992
1930,new wave music
1931,this period
1932,1981
1933,17
1934,prince
1935,effectiveness
1936,leopold
1937,magazine
1938,charles
1939,-plus
1940,records
1941,tha̍k-im
1942,street
1943,elders
1944,2010
1945,tha̍k-im
1946,towers
1947,international
1948,theistic
1949,billion
1950,2016
1951,apollo
1952,region
1953,george
1954,state
1955,1943
1956,oerlikon
1957,elders
1958,lignin
1959,area
1960,mm
1961,apartments
1962,timurid
1963,cambium
1964,-plus
1965,1977
1966,timber
1967,structure
1968,alexander
1969,1891
1970,two
1971,university
1972,square
1973,nevis
1974,richard
1975,feet
1976,four
1977,34
1978,1421
1979,2004
1980,william
1981,europe
1982,new
1983,magazine
1984,germany
1985,ancon
1986,streams
1987,island
1988,various publications
1989,million
1990,center
1991,bay
1992,million
1993,presidency
1994,may
1995,opus
1996,january
1997,george
1998,(two helms foundation championships
1999,hamilton
2000,belgium
2001,reverse
2002,former president
2003,ye
2004,hamilton
2005,black
2006,universities
2007,the university of kansas medical center
2008,arsphenamine
2009,tha̍k-im
2010,street
2011,george
2012,the 2014–15 academic year
2013,universities
2014,million
2015,union
2016,million
2017,hill
2018,french
2019,elderly
2020,college
2021,2004
2022,million
2023,john
2024,-plus
2025,yale
2026,two years
2027,park
2028,universities
2029,anti-aircraft
2030,wes
2031,2008–09
2032,wood
2033,center
2034,general
2035,granite
2036,johannsen
2037,million
2038,church
2039,george
2040,professional
2041,1891
2042,westerly
2043,(two helms foundation championships
2044,1955
2045,2000
2046,lieutenants
2047,hanks
2048,two
2049,gallery
2050,john
2051,oerlikon
2052,magazine
2053,three
2054,tax
2055,george
2056,"2,070–806 through the 2011–12 season"
2057,association
2058,hamidian
2059,universities
2060,"200,000"
2061,maunsell
2062,hamilton
2063,november
2064,angeles
2065,june
2066,group
2067,franklin
2068,park
2069,51
2070,cemetery
2071,syrtos
2072,national
2073,november
2074,grades
2075,1857
2076,bbc 1
2077,victor
2078,december
2079,pictures
2080,tha̍k-im
2081,union
2082,fifteen
2083,1946
2084,jim
2085,central
2086,firs
2087,hall
2088,material
2089,1842
2090,21
2091,2006
2092,machination
2093,2009
2094,union
2095,million
2096,burglar
2097,theorizing
2098,thayer
2099,january
2100,2016
2101,feet
2102,1956
2103,may
2104,june
2105,apollo
2106,social
2107,prakrits
2108,fees
2109,warsaw
2110,poincaré
2111,2003
2112,broadcasting
2113,march
2114,june
2115,c.
2116,1939
2117,italy
2118,six
2119,8–10
2120,ad-hoc
2121,tha̍k-im
2122,french
2123,june
2124,engines
2125,2003
2126,tha̍k-im
2127,july
2128,warsaw
2129,pope
2130,disc
2131,twists
2132,tha̍k-im
2133,records
2134,music
2135,real
2136,may
2137,early
2138,two
2139,june
2140,maximum
2141,march 2003
2142,comics
2143,europe
2144,8.86
2145,may
2146,several years before 1954
2147,magnoliids
2148,spaniel
2149,westerly
2150,lesions
2151,bible
2152,vaccination
2153,federal
2154,36th
2155,jackson
2156,amyas
2157,composite
2158,"a naive or simplistic way,[page"
2159,cases
2160,density
2161,orthodoxy
2162,plants
2163,opus
2164,fitzpatrick
2165,chimpanzee
2166,two
2167,religious
2168,light
2169,paucity
2170,tuberculosis
2171,matter
2172,conifers
2173,mass
2174,ideas
2175,richard
2176,dr.
2177,tha̍k-im
2178,abound
2179,bales
2180,sociologist
2181,southern
2182,half
2183,jews
2184,dimensions
2185,1
2186,milling
2187,light
2188,waxes
2189,duplication
2190,identity
2191,nations
2192,firs
2193,2002
2194,literariness
2195,three
2196,class
2197,opus
2198,things
2199,code
2200,perceives
2201,greatly
2202,customized
2203,fiction
2204,thamel
2205,fide
2206,tha̍k-im
2207,the 20th century
2208,1–3%
2209,antibiotic-resistant
2210,six
2211,antibiotics
2212,legal
2213,identity
2214,body
2215,action
2216,standpoint
2217,ucla
2218,eidos
2219,easily
2220,thamel
2221,two
2222,material
2223,transfer
2224,ancon
2225,westerly
2226,parties
2227,syrtos
2228,rupturing
2229,urn
2230,thayer
2231,three
2232,department
2233,morayshire
2234,antibiotic-resistant
2235,hearts
2236,discrimination
2237,jewish
2238,effects
2239,ancon
2240,rural
2241,fascists
2242,tuberculosis
2243,victrolac
2244,contributors
2245,effect
2246,religious
2247,britain
2248,oerlikon
2249,million
2250,conservative
2251,oerlikon
2252,24–21
2253,body
2254,feuerbach
2255,indifference
2256,magnoliids
2257,thayer
2258,records
2259,college
2260,two
2261,tube-worms
2262,pain
2263,laidlines
2264,tha̍k-im
2265,flower-bearing
2266,genes
2267,plants
2268,tha̍k-im
2269,26
2270,midcentury
2271,constabulary
2272,lesions
2273,"24,000"
2274,black
2275,situations
2276,their dna variation
2277,structurally
2278,perceives
2279,genome
2280,kingston
2281,opus
2282,buddhism
2283,video
2284,defence
2285,discriminating
2286,hiv
2287,yearly
2288,62
2289,sino-tibetan
2290,culturally
2291,strong
2292,roughly 3.5 million people
2293,achievement
2294,generic
2295,rescuing
2296,syrian
2297,subdivisions
2298,human genetic diversity and the nonexistence of biological races
2299,hudson
2300,tha̍k-im
2301,1857
2302,governing
2303,8.86
2304,persia
2305,antibiotic
2306,tha̍k-im
2307,angiosperms
2308,bad
2309,tha̍k-im
2310,oerlikon
2311,"4,000"
2312,wants—and
2313,golden
2314,middle
2315,technical
2316,hickory
2317,greeks
2318,development
2319,some groups
2320,agriculture
2321,plan
2322,hinduism
2323,class
2324,opus
2325,odorous
2326,the united states
2327,east asian sweeps
2328,han
2329,two
2330,god
2331,20–24
2332,orthodox
2333,metaphorical
2334,televised
2335,forks
2336,species
2337,workstation
2338,a social reality
2339,agriculture
2340,alcohol
2341,chiefdoms
2342,thermal
2343,body
2344,middle
2345,racist ideas
2346,anatolia
2347,opus
2348,religious
2349,fervor
2350,quantum
2351,ad
2352,legal
2353,milling
2354,workstation
2355,1490s
2356,8
2357,ancient
2358,meetings
2359,france
2360,thayer
2361,non-hispanic european americans
2362,tha̍k-im
2363,font
2364,italy
2365,hearts
2366,exclusive
2367,less
2368,ancient
2369,control
2370,dancesport
2371,armed
2372,paid-for
2373,lightolier
2374,opus
2375,journals
2376,three
2377,fuel
2378,use
2379,ethics
2380,three
2381,thayer
2382,resistance
2383,nrem
2384,paul
2385,scuttling
2386,educational
2387,houses
2388,art
2389,tibet
2390,workstation
2391,ideas
2392,american
2393,amity
2394,thin
2395,art
2396,western
2397,may
2398,jewish
2399,1943
2400,rupturing
2401,1490s
2402,mediator
2403,agriculture
2404,households
2405,agriculture
2406,northern
2407,congestion
2408,spanish
2409,highland
2410,tanakh
2411,tha̍k-im
2412,television
2413,94
2414,century
2415,christian
2416,british
2417,poincaré
2418,turkish
2419,hartford
2420,building
2421,january
2422,finals
2423,agriculture
2424,tha̍k-im
2425,central
2426,their own regionally distinctive neolithic cultures
2427,"10,000"
2428,motels
2429,britannica
2430,war
2431,modern
2432,59
2433,world
2434,constitutional
2435,discrimination
2436,legal
2437,ordeal
2438,byzantine
2439,"the term ""treaty"
2440,imre
2441,identity
2442,three
2443,port
2444,social
2445,french
2446,literacy
2447,houses
2448,greeks
2449,energy
2450,battle
2451,system
2452,many
2453,government
2454,'robbing
2455,system
2456,battle
2457,duke
2458,two states
2459,discrimination
2460,tax
2461,secretary
2462,the federal government
2463,british
2464,tha̍k-im
2465,greeks
2466,section
2467,manuscripts
2468,positing
2469,wants
2470,discrimination
2471,dna
2472,region
2473,social
2474,orthodox
2475,treats
2476,fed
2477,abominable
2478,minor
2479,1914
2480,+5.0
2481,polishing
2482,makarios
2483,yale
2484,republic
2485,litter
2486,turcophile
2487,government
2488,tha̍k-im
2489,french
2490,exclusive
2491,tom
2492,supreme
2493,multiple
2494,workstation
2495,theory
2496,secretaries
2497,the late 20th and early 21st century
2498,parties
2499,ali
2500,support
2501,soviet
2502,oerlikon
2503,grooming
2504,patrick
2505,testimony
2506,many
2507,governing
2508,daring
2509,two
2510,kingdom
2511,union
2512,ancon
2513,increase
2514,supreme
2515,sea
2516,asylum
2517,8
2518,workstation
2519,tom
2520,rulership
2521,edward
2522,tyrothricin
2523,missiles
2524,social
2525,class
2526,discrimination
2527,order
2528,heretical
2529,defence
2530,many
2531,federal
2532,position
2533,the president
2534,east
2535,lord
2536,french
2537,workstation
2538,ordeal
2539,tha̍k-im
2540,international treaties
2541,party
2542,millennium
2543,blu-ray
2544,mesoamerican
2545,defence
2546,the other parties
2547,system
2548,polished
2549,political
2550,play
2551,syrtos
2552,thayer
2553,religious
2554,fiery-tempered
2555,theory
2556,french
2557,orthodoxy
2558,lares
2559,tha̍k-im
2560,julian
2561,8
2562,tha̍k-im
2563,wants
2564,oerlikon
2565,the federal government
2566,identity
2567,nato
2568,exclusive
2569,cancer
2570,wepon
2571,ethnic
2572,tha̍k-im
2573,independent
2574,syrtos
2575,the federal government
2576,measures
2577,the pre-constitutional united states federal government
2578,accurate
2579,opportunity
2580,corresponding
2581,using
2582,three
2583,benjamin
2584,duke
2585,tha̍k-im
2586,cpc
2587,religious
2588,secretary
2589,1830
2590,bacteria
2591,versa
2592,parties
2593,battle
2594,government
2595,powell
2596,parties
2597,versailles
2598,oedipus
2599,1
2600,1919
2601,northwest
2602,air
2603,polymyxins
2604,june
2605,victor
2606,days
2607,travel
2608,permanently
2609,western
2610,god
2611,barely
2612,action
2613,1950s
2614,three smaller lifts
2615,air
2616,a 3-station underground public elevator
2617,aggregate
2618,feet
2619,material
2620,major
2621,optronics
2622,music
2623,antibiotics
2624,12
2625,tha̍k-im
2626,oedipus
2627,lares
2628,paper
2629,luis
2630,cell
2631,measurement
2632,passive
2633,quality
2634,1731
2635,compounded
2636,vacuum
2637,watts
2638,heineken
2639,fire
2640,electrical
2641,transfer
2642,vinyl
2643,lee
2644,fine
2645,excitatory
2646,taxes
2647,1938
2648,1911
2649,nine
2650,1970
2651,ogonek
2652,1860
2653,june
2654,1772
2655,ii
2656,1877
2657,french
2658,between £4.99 and £11.99
2659,university
2660,battle
2661,fifteenth
2662,bay
2663,1981
2664,footwear
2665,association
2666,1969
2667,independent
2668,1998
2669,square
2670,apolitical
2671,million
2672,march
2673,george
2674,1839
2675,association
2676,paris
2677,trailers
2678,the 2011 fresh-water crisis
2679,route
2680,u+ff5e
2681,association
2682,communications
2683,new
2684,1969
2685,review
2686,magazine
2687,8.86
2688,1849
2689,bce
2690,amygdala
2691,guns
2692,wants—and
2693,air
2694,sanskrit
2695,tha̍k-im
2696,tha̍k-im
2697,havel
2698,china
2699,21
2700,contact
2701,atlantic
2702,-plus
2703,group
2704,sāṅkhya
2705,receptors
2706,association
2707,fire
2708,station
2709,company
2710,tha̍k-im
2711,8.86
2712,apartments
2713,mexico
2714,century
2715,three reef islands
2716,construction
2717,1887
2718,sun
2719,grand
2720,1855
2721,december 1974
2722,9/11
2723,tha̍k-im
2724,lower
2725,curly
2726,buddhism
2727,sums
2728,primates
2729,nevis
2730,1799
2731,tuning
2732,lignin
2733,1842
2734,sun
2735,french
2736,starving
2737,1965
2738,20
2739,classical
2740,watchword
2741,weight
2742,8.86
2743,around $2.2 million
2744,raid
2745,2006
2746,downtown
2747,million
2748,the three central islands
2749,tha̍k-im
2750,central
2751,atlantic
2752,casinos
2753,northern
2754,gallery
2755,1991
2756,playstation
2757,television
2758,tv
2759,fourth
2760,five
2761,points
2762,glass
2763,black
2764,duplication
2765,fair
2766,million
2767,-plus
2768,grand
2769,fish
2770,minting
2771,four
2772,ancon
2773,pianos
2774,french
2775,three
2776,a united nations special rapporteur
2777,8
2778,four
2779,december 1974
2780,nation-states
2781,secretion
2782,dhimmi
2783,war
2784,five
2785,spanish
2786,the british western pacific territories
2787,wall
2788,opus
2789,regiolect
2790,sanskrit
2791,energised
2792,three
2793,million
2794,atlantic
2795,card
2796,white
2797,rivals
2798,village
2799,r.
2800,king
2801,france
2802,treats
2803,greenwald
2804,billion
2805,system
2806,the three central islands
2807,amygdala
2808,ancient
2809,companies
2810,million
2811,1994
2812,thicker
2813,recordings
2814,master
2815,high
2816,lists
2817,may
2818,3.9
2819,traveling
2820,builders
2821,teal
2822,timbre
2823,oerlikon
2824,three
2825,2008
2826,system
2827,franklin
2828,oberstar
2829,international
2830,system
2831,publisher
2832,pain
2833,french
2834,-plus
2835,last
2836,fire
2837,francis
2838,palmerston
2839,wants
2840,1877
2841,tha̍k-im
2842,french
2843,palette
2844,media
2845,larger
2846,performance
2847,million
2848,earthquake
2849,french
2850,may
2851,paul
2852,system
2853,1977
2854,millimetres
2855,rca
2856,1988
2857,label
2858,billing
2859,platinum
2860,three
2861,patrick
2862,2010
2863,madonna
2864,may
2865,1925
2866,emphasizing
2867,god
2868,november
2869,jim
2870,syrtos
2871,wildly
2872,belts
2873,tha̍k-im
2874,french
2875,maximus
2876,john sculley
2877,million
2878,-plus
2879,wants—and
2880,teletext
2881,international
2882,january
2883,london
2884,tokyo
2885,law
2886,tha̍k-im
2887,freight-only
2888,2004
2889,particularly the united states
2890,thayer
2891,fiction
2892,cutter
2893,tha̍k-im
2894,traveling
2895,playstation
2896,7
2897,street
2898,hardware upgrades
2899,association
2900,energised
2901,televised
2902,records
2903,inner
2904,sunni
2905,edward
2906,action
2907,november
2908,2006
2909,billing
2910,easily
2911,tha̍k-im
2912,3.36 million macs
2913,tha̍k-im
2914,retina display
2915,1913
2916,billing
2917,johannsen
2918,tnt
2919,steel
2920,street
2921,frequency
2922,french
2923,sitting-room
2924,"4,000"
2925,million
2926,policy—thus
2927,professor
2928,joan
2929,two
2930,1975-1990
2931,records
2932,life
2933,jim
2934,$2.5 million
2935,aimed
2936,bristles
2937,records
2938,ligatures
2939,johannsen
2940,tha̍k-im
2941,oedipus
2942,1925
2943,manpads
2944,nmi
2945,theory
2946,2008
2947,13th-century
2948,three
2949,1985
2950,king
2951,polite
2952,monthly
2953,thayer
2954,billing
2955,blood
2956,ii
2957,seminary
2958,freight-only
2959,peter
2960,light
2961,petals
2962,relief
2963,three
2964,efendi
2965,thousands
2966,"80,000"
2967,several years
2968,king
2969,socks
2970,million
2971,impurity
2972,1927
2973,2009
2974,several
2975,adolphe
2976,morayshire
2977,records
2978,2006
2979,tha̍k-im
2980,1976
2981,last
2982,monthly
2983,20
2984,italy
2985,the macintosh 512k
2986,ii
2987,broadcasting
2988,2013
2989,golden
2990,8.86
2991,george
2992,educates
2993,louis
2994,sand
2995,milling
2996,stand-ins
2997,structure
2998,1853
2999,animistic
3000,tha̍k-im
3001,manufacturing
3002,1870
3003,thayer
3004,based
3005,century
3006,arabic
3007,58
3008,queen
3009,28th
3010,1804–1815
3011,government
3012,crack
3013,william
3014,36th
3015,leader
3016,standard
3017,may
3018,east
3019,marine
3020,aircraft
3021,emphasizing
3022,half
3023,5.9
3024,genesis
3025,century
3026,183
3027,officials
3028,1870
3029,seine
3030,1870
3031,association
3032,schools
3033,oerlikon
3034,2004
3035,energy
3036,1921
3037,"10,550,350"
3038,poet
3039,hosts
3040,timer
3041,germany
3042,foundation
3043,war
3044,fifa
3045,permanent religious authority
3046,orthodox
3047,millennia
3048,moltke
3049,france
3050,vienna
3051,joseph
3052,light
3053,agriculture
3054,class
3055,workshops
3056,new
3057,golden
3058,thayer
3059,the roman state
3060,religiosity
3061,jews
3062,wants—and
3063,wernher
3064,his descent
3065,william
3066,fever
3067,discrimination
3068,battle
3069,apollo
3070,spanish
3071,universities
3072,end
3073,duke
3074,discrimination
3075,18
3076,long-titled
3077,gordon
3078,heresy
3079,east
3080,european
3081,collects
3082,russell
3083,duties
3084,paulicians
3085,"10,000"
3086,constitutional
3087,186 bc
3088,king
3089,al-tabri
3090,period
3091,cardinal
3092,western
3093,peer-reviewed
3094,paeans
3095,wes
3096,1870
3097,political
3098,defence
3099,sunni
3100,religious
3101,thayer
3102,pope
3103,hinduism
3104,two
3105,scotland
3106,population
3107,universitaire
3108,buddhism
3109,golden
3110,disease
3111,sindh
3112,familly-festival
3113,alan
3114,charles
3115,culture
3116,frogs
3117,oven-dried
3118,ancon
3119,christians
3120,theory
3121,tha̍k-im
3122,hashimites
3123,january
3124,ottoman
3125,battle
3126,dynasty
3127,1955
3128,discrimination
3129,1932
3130,defence
3131,1976
3132,three
3133,de
3134,law
3135,crown
3136,predicting
3137,constantine
3138,recording
3139,elaborately
3140,system
3141,church
3142,orthodox
3143,oerlikon
3144,italy
3145,duke
3146,his deathbed revocation
3147,ii
3148,al-tabri
3149,paul
3150,earth
3151,moss
3152,tore
3153,fidelity
3154,master
3155,king
3156,3rd
3157,islands
3158,tax
3159,plan
3160,his descent
3161,1834
3162,oerlikon
3163,battista
3164,battle
3165,textile
3166,ramadan
3167,decius mus
3168,independent
3169,the romans
3170,class
3171,benign
3172,charles
3173,family
3174,master
3175,fees
3176,act
3177,heresy
3178,epimenides
3179,king
3180,willi
3181,workshops
3182,officials
3183,electron
3184,264 bc
3185,europaeus
3186,nationwide
3187,greek
3188,zoroastrian
3189,6966662606895999999♠6.62606896×10−34
3190,damascus
3191,greed
3192,tore
3193,technilogical
3194,r.
3195,oerlikon
3196,tuberculosis
3197,reverse
3198,pg
3199,otto
3200,oklahoman
3201,charles
3202,era
3203,quay
3204,steel
3205,j.
3206,1945
3207,class
3208,oerlikon
3209,han
3210,power
3211,king
3212,classification
3213,hinduism
3214,greed
3215,typhoid
3216,murder
3217,greek
3218,spaniel
3219,media
3220,alexander
3221,manuscripts
3222,duke
3223,household cult
3224,lakulish
3225,latin
3226,state
3227,dakshin
3228,thayer
3229,electrical
3230,ii
3231,milan
3232,nkhundla
3233,action
3234,atrocities
3235,opus
3236,yellow
3237,neurology
3238,1930s
3239,information
3240,controlling
3241,ancon
3242,moss
3243,electrum
3244,medicinal
3245,recording
3246,two
3247,sled
3248,atlantic
3249,christian
3250,opus
3251,appendages
3252,locked
3253,codons
3254,appendages
3255,three
3256,forbidden
3257,point
3258,gallery
3259,ardent
3260,a-delta
3261,six
3262,utero
3263,lignin
3264,alcohol
3265,schools
3266,cultural
3267,rail-oriented
3268,genome
3269,ruler
3270,wider
3271,tha̍k-im
3272,genes
3273,oerlikon
3274,1900
3275,isle
3276,white
3277,appendages
3278,end
3279,pain
3280,fide
3281,a-delta
3282,people
3283,oerlikon
3284,at least one state
3285,greek
3286,three
3287,antibiotics
3288,marina
3289,15%
3290,innards
3291,four
3292,the 19th century medical demand
3293,working
3294,natives
3295,atrocities
3296,pain
3297,opus
3298,alcohol
3299,oerlikon
3300,20th-century american tort law
3301,perceives
3302,age
3303,tha̍k-im
3304,americans
3305,unite
3306,odds
3307,cpc
3308,large
3309,103.5 million newly filed cases
3310,natural-sounding
3311,the federal constitution
3312,10−8
3313,multiple
3314,a legislative branch
3315,the federal government
3316,marx
3317,john
3318,unintelligible
3319,east
3320,near
3321,philip
3322,fidelity
3323,the united states constitution
3324,poeticity
3325,the federal government
3326,independant
3327,tha̍k-im
3328,president
3329,four
3330,roman
3331,groove
3332,classical
3333,jeffrey
3334,dark
3335,duke
3336,middle
3337,ten
3338,turkey
3339,tha̍k-im
3340,system
3341,four
3342,1810
3343,secretaries
3344,catholic
3345,world
3346,undesirable
3347,firs
3348,privy
3349,empire
3350,oerlikon
3351,cold
3352,war
3353,state governments
3354,tha̍k-im
3355,defence
3356,identities
3357,africa
3358,manuscripts
3359,lukēgenēs
3360,1970
3361,intensity
3362,libation
3363,action
3364,the federal government
3365,tha̍k-im
3366,britain
3367,1866
3368,secretary
3369,1989
3370,20
3371,germany
3372,twenty-year
3373,103.5 million newly filed cases
3374,century
3375,independent
3376,peole
3377,spain
3378,native
3379,psychologists
3380,11
3381,richard
3382,western
3383,rule
3384,oerlikon
3385,an executive branch
3386,one-party
3387,psychology
3388,18th
3389,matter
3390,four
3391,1949
3392,reverse
3393,tha̍k-im
3394,15
3395,58
3396,constantinople
3397,sanskrit
3398,duke
3399,legal
3400,greek
3401,hinduism
3402,tha̍k-im
3403,governing
3404,greek
3405,central
3406,1955
3407,government
3408,sizable
3409,2000
3410,art
3411,sanskrit
3412,celestial
3413,resistance
3414,gladstone
3415,lesions
3416,turbulent
3417,museum
3418,julian
3419,a literary language
3420,nationwide
3421,resistance
3422,hartford
3423,france
3424,system
3425,religionists
3426,classical
3427,amoy
3428,hindu
3429,tha̍k-im
3430,languages
3431,britain
3432,opus
3433,asia
3434,east
3435,toughness
3436,greek
3437,easily
3438,tore
3439,genome
3440,buddhi
3441,greek
3442,east
3443,a nonstandard english dialect
3444,rhoticity
3445,pronunciations
3446,ancon
3447,iron
3448,thaws
3449,the late middle ages
3450,taiwan
3451,central
3452,anatolia
3453,art
3454,midbrain
3455,maltese
3456,anhui
3457,greek
3458,regions
3459,sanskrit
3460,greek
3461,greek
3462,6/10
3463,mechanic
3464,greek
3465,identifying
3466,1857
3467,midbrain
3468,village
3469,south
3470,schumann
3471,classical
3472,fifty
3473,century
3474,minoan
3475,east
3476,iron
3477,1976
3478,several
3479,plutarch
3480,samkhya
3481,louis
3482,norms
3483,white
3484,legal
3485,code
3486,tha̍k-im
3487,2004
3488,george
3489,greek
3490,a roman general
3491,genome
3492,1913
3493,spruce
3494,religious
3495,university
3496,the 1950s and 1960s
3497,cortex
3498,south
3499,southern
3500,2003
3501,1976
3502,lighting
3503,1955
3504,greeks
3505,radically
3506,1870
3507,chinese
3508,main
3509,measure
3510,ancon
3511,ring-like
3512,shankaracharya
3513,owed
3514,1952
3515,cover
3516,thayer
3517,period
3518,ii
3519,continental
3520,worsening
3521,1940s
3522,genome
3523,jerusalem
3524,1994
3525,psychological tests
3526,patrician
3527,1925
3528,raf
3529,50
3530,65
3531,hot
3532,years
3533,galvani
3534,"4,000"
3535,1857
3536,1855
3537,several
3538,god
3539,fig
3540,defence
3541,1524
3542,two
3543,romantic
3544,tha̍k-im
3545,two
3546,parallel
3547,hotter
3548,theocracy
3549,walled
3550,schoolrooms
3551,spaniel
3552,genome
3553,hindrance
3554,internal
3555,light
3556,defence
3557,century
3558,perimeter
3559,1830
3560,expensive
3561,ibn
3562,high
3563,barcella
3564,heart
3565,air
3566,fish
3567,eight
3568,the 4th century
3569,area
3570,wes
3571,the neolithic period
3572,"red, green and blue light"
3573,area
3574,ancon
3575,kirat
3576,area
3577,width
3578,battle
3579,tha̍k-im
3580,fickle
3581,steel
3582,alan
3583,1948
3584,1857
3585,orthodox
3586,1857
3587,1955
3588,code
3589,william
3590,british
3591,imre
3592,many roman villas
3593,rca
3594,carried
3595,duke
3596,european
3597,two
3598,knot
3599,alcohol
3600,white
3601,oerlikon
3602,latewood
3603,greek
3604,wants—and
3605,prince
3606,opus
3607,1853–1856
3608,the forbidden city
3609,televised
3610,tradition
3611,hindu
3612,song
3613,g.r
3614,1943
3615,1892
3616,defects
3617,oerlikon
